Text,Stance,Sentiment,Target
"we cant deny it , its really happening . # semst",FAVOR,Other,climate change is a real concern
rt @ cderworiz : timelines are short . strategy must be in place by climate change conference in paris by december . # ableg # semst,FAVOR,Positive,climate change is a real concern
so exciting ! meaningful climate change action is on the way ! # abpoli # ghg # semst,FAVOR,Positive,climate change is a real concern
"delivering good jobs for albertans , maintaining a stable economy & meeting climate change strategy . good goals . # abpoli # ghg # semst",FAVOR,Positive,climate change is a real concern
@ davidswann says he wants carbon fund to be spent on public transportation and renewable energy . # ejlive # ableg # semst,FAVOR,Other,climate change is a real concern
questions about the @ lancetgh report ? # asklancet tweet chat happening now ! # actonclimate # climatehealth # semst,FAVOR,Other,climate change is a real concern
we are working to elect climate-friendly governments across north america # feelthebern # ndp # lpc # gpc # bq # harperpac.ca # semst,FAVOR,Positive,climate change is a real concern
@ chrisleinberger : change from # drivable to # walkable = # 1 benefit 4 # apane2015 # semst,FAVOR,Positive,climate change is a real concern
"our amazing # ess15 panel @ gkremen , @ suffolkbuilds , @ maxfieldweiss & @ oakland on how to prepare & protect # bayarea region from # semst",FAVOR,Positive,climate change is a real concern
the climate change people are disgusting assholes . money transfer scheme for elite . may you rot . # semst,AGAINST,Negative,climate change is a real concern
srsly weirds me out i have to wear # sunscreen for the morning # dogwalk getting a # tan at 9am ? # wtf # semst,FAVOR,Negative,climate change is a real concern
rt @ greenlivinggb : @ earthhour looks like a great event . green is the way forward ! # semst,FAVOR,Positive,climate change is a real concern
there use to be a glacier on the equator . # semst,FAVOR,Other,climate change is a real concern
# pathtopositive # la region 's green leaders united to find local solutions to # lacityhall # semst,FAVOR,Positive,climate change is a real concern
@ monstermarcia kudos to these young people ! next generation of activists ! # onlyoneearth # semst,FAVOR,Positive,climate change is a real concern
"macro problems face us all , but people focus on micro problems because they are within our immediate power to fix # semst",FAVOR,Negative,climate change is a real concern
drought effects spreading in western noram and bc gov't will destroy prime farmland to enable more # lng # sitec # bcpoli # semst,FAVOR,Negative,climate change is a real concern
@ regimechangebc @ ndnstyl it 's sad to be the last generation that could change but does nothing . # auspol # semst,FAVOR,Negative,climate change is a real concern
# netherlands just taught the rest of the world a very important lesson . # semst,NONE,Positive,climate change is a real concern
confession : the state of the world has been getting me down lately . # deathsincustody # everydayracism # semst,NONE,Negative,climate change is a real concern
go dutch new meaning : citizens take their governments to court to make them act on climate promises # hague # hope # cop21 # semst,FAVOR,Positive,climate change is a real concern
thank you @ greenpeacenz for getting out there yesterday and highlighting one of the most important issues we are facing . # semst,FAVOR,Positive,climate change is a real concern
great to hear @ dannyksfun @ kdeleon remind us # diversity needed for best # innovation # ess15 # americaknowshow # semst,NONE,Positive,climate change is a real concern
"is n't co2 impact on warming logarithmic , and at current levels , 390 ppm , incremental impact negligible ? # ndp # semst",FAVOR,Negative,climate change is a real concern
is the new pahiatua plant going to be primarily coalfired ? large companies like @ fonterra should be taking the lead against # semst,FAVOR,Other,climate change is a real concern
# mission : # climate @ home > buy drinking water & soda in big bottles ... # tip # semst,FAVOR,Positive,climate change is a real concern
"if you have any remaining doubts about climate change , go watch @ chasingice on netflix and proceed to shitting your pants . # semst",FAVOR,Negative,climate change is a real concern
"@ alharbif i 'll bomb anything i can get my hands on , especially if they are n't christian . # graham2016 # gop # semst",NONE,Negative,climate change is a real concern
"when debunking climate myths : fight sticky myths with stickier facts , mention the myth and explain the fallacy ! # semst",FAVOR,Negative,climate change is a real concern
"i really ca n't stand the catholic church but i think i have a crush on # popefrancis ! shhhh , do n't tell ! # animalrights # semst",NONE,Other,climate change is a real concern
ca n't wait to watch 'when attenborough met obama ' should be fascinating ! @ potus # sirdavidattenborough # lovemydavid # hero # semst,NONE,Positive,climate change is a real concern
@ markruffalo @ flea333 @ kellyslater unfortunate how usa refuses to take seriously damage we 're responsible for # savetheearth # semst,FAVOR,Negative,climate change is a real concern
most people say that it is the intellect which makes a great scientist . they are wrong : it is character . ~ albert einstein # semst,NONE,Positive,climate change is a real concern
@ cbcnews @ nationalpost the human mind is incapable of dealing with that of which it has no experience # semst,NONE,Other,climate change is a real concern
rt @ victoriaswatson : @ whitehouse @ potus what a wonderful exchange between two of the world 's greatest men ! really touching . # # semst,NONE,Positive,climate change is a real concern
"i love this pope . i do n't care what religion you are , this guy is awesome . # semst",NONE,Positive,climate change is a real concern
`` appropriate that i 'd watch the futurama episode `` '' crimes of the hot '' '' before the hottest weekend so far this summer . # futurama # semst '',NONE,Other,climate change is a real concern
why all talks # rainforests ? 1/6 of the world russia is not less important ! # doctorcarbon advocate # sustainability ! # semst,FAVOR,Negative,climate change is a real concern
a lot of damage is being done every day . but we are going to win this . # yrcannes # canneslions # semst,FAVOR,Positive,climate change is a real concern
in the u.s. coal is dead al gore @ cannes_lions # canneslions # semst,NONE,Negative,climate change is a real concern
@ worldfarmersorg congress . @ bartolinimatteo : dutch way in reducing greenhouse gasses agriculture is excellent example combat # semst,FAVOR,Positive,climate change is a real concern
"rt @ transitionlouth : @ bp_plc we need degrowth - stop destroying our planet , bp . # semst",FAVOR,Negative,climate change is a real concern
"@ parvasaeua not to worry , our real enemy is # obama # semst",NONE,Negative,climate change is a real concern
' taking a stand to preserve traditional sea levels ' # semst,FAVOR,Positive,climate change is a real concern
big # decayeah and happy # smackoff / # eichelday to @ anthonysalerno & @ eagthedeuce # valkilmer # bust # semst,NONE,Other,climate change is a real concern
"@ envreddit no surprise with this , @ blindspotting has some ideas on how to take a holistic approach # circulareconomy # semst",NONE,Positive,climate change is a real concern
"breaking : this just in , an ocean wave just broke an inch further on the beach than normal ! # semst",AGAINST,Negative,climate change is a real concern
"with no rain in the next 5 days , it would have been the driest june in # santiago de # chile in morden history . # semst",FAVOR,Other,climate change is a real concern
`` @ senwhitehouse `` '' dr. david legates of the university of delaware explain .... higher temperatures lead to higher levels of co2 # semst '',FAVOR,Other,climate change is a real concern
"politics , religion , race ; we are so busy killing & hurting each other , earth dries up & we will all die anyway . # drought # semst",FAVOR,Negative,climate change is a real concern
@ shalyn67 religion / race have already been disproven by reason and science . i wonder what we can do about politics # drought # semst,NONE,Negative,climate change is a real concern
"what a great week for social issues # scotus now , let 's get to work on # environment and # semst",FAVOR,Positive,climate change is a real concern
"islamists kill in france , tunisia and syria . but let 's remember that our greatest threat is from the # hoax formerly known as # semst",NONE,Negative,climate change is a real concern
so # christian s ... without beaches what is your god going to make sand people out of ? # risingsealevel # semst,FAVOR,Negative,climate change is a real concern
@ jimrome @ daytripper20 yea yea yea yea # smackoff # valkilmer # seeingwonder # bumsmack # semst,NONE,Positive,climate change is a real concern
`` i do n't want to be `` '' that guy '' '' but can we now make `` '' climate change denier marriage '' '' illegal ? # marriageequaility # idea # semst '',FAVOR,Negative,climate change is a real concern
"seriously , how many times can # republicans be wrong ? # aca # lgbtrights # governmentshutdown # autobailout # stimulusspending # semst",NONE,Negative,climate change is a real concern
dear # seattleweather please stay exactly how you are right now . # thismorning # okaythanksbye # semst,NONE,Positive,climate change is a real concern
@ ncregister @ peaceischrist @ diocesefwsb @ catholicvote unless it 's # semst,NONE,Other,climate change is a real concern
@ jimrome i think the 5k has got them gripping romey # smackoff # valkilmer # seeingwonder # semst,NONE,Negative,climate change is a real concern
the best call still and will always be matt in cleveland . # kirstieallie # valkilmer # semst,NONE,Positive,climate change is a real concern
@ flyingfree333 wow that is certainly an extreme prognostication ! # gop # libertarian # semst,NONE,Negative,climate change is a real concern
`` let 's all stop saying people do n't `` '' believe '' '' in climate change . it 's not a matter of faith . they do n't understand # semst '',FAVOR,Negative,climate change is a real concern
( 2/2 ) 300 words and be sent to climateconference2015 @ gmail.com # sustainability # sustainabledevelopment # semst,FAVOR,Other,climate change is a real concern
@ _a___l___i_ well they should ! why do you think people in karachi r dying ? because we do n't care about our environment ! # semst,FAVOR,Negative,climate change is a real concern
why is nothing being done about # semst,NONE,Negative,climate change is a real concern
"if it does n't warm up soon @ number10gov , i want my money back on the panels for misselling . # 45minutes # dodgydata # drtker # semst",NONE,Negative,climate change is a real concern
news flash for all the haters ! ! the earth is round ! # lovewins # scotus # semst,NONE,Other,climate change is a real concern
"@ lstygal i 'm with you there , plenty of followers on that do to # environment # greenvegans # plugging # semst",FAVOR,Positive,climate change is a real concern
eating a cow is 9x worse than eating a chicken in terms of co2 emissions . # semst,FAVOR,Negative,climate change is a real concern
"when the last tree is cut down , the last fish eaten & the last stream poisoned , you will realize that you can not eat money # semst",FAVOR,Negative,climate change is a real concern
australia is leading the way . backwards . # marriageequaility # auspol # semst,NONE,Negative,climate change is a real concern
@ climatecentral @ christinemilne some people r so guilt free # semst,NONE,Negative,climate change is a real concern
america is changing faster like speed of the light # confederatetakedown # lovewins # semst,NONE,Positive,climate change is a real concern
climate change ? ! explain the definition of climate change .. # fraud # ccot # liberty # cruzcrew # semst,AGAINST,Negative,climate change is a real concern
@ washingtonpost that is one of the most insane and delusional quotes i 've ever seen . # tcot # tlot # semst,NONE,Negative,climate change is a real concern
just got canvassed ! hope you 'll join me in supporting @ vpirg this summer ! # solar # peoplepower # semst,FAVOR,Positive,climate change is a real concern
when u think about # gop positions on # marriageequality # equalpay # guns & # marijuana its no surprise they do n't believe in # semst,NONE,Negative,climate change is a real concern
@ annbritton @ nicolleflint @ guinnipig time will prove who 's right . # disease # drought # obesity # semst,FAVOR,Positive,climate change is a real concern
"last time i checked , al gore is a politician , not a scientist .. # wcs15 # semst",AGAINST,Negative,climate change is a real concern
the default scientific position is skepticism . # tcot # semst,NONE,Negative,climate change is a real concern
"one day it will be clear that someone has changed their opinion due 2 one or more of my tweets , but i 'm not holding my breath # semst",NONE,Other,climate change is a real concern
"btw , @ barackobama - @ potus , seem as though you^ve been losing in the fight against . # semst",NONE,Negative,climate change is a real concern
considering moving yo antarctica as thats the only way i could possibly become more # chill # semst,NONE,Negative,climate change is a real concern
"# ff @ yebsano , @ alex_verbeek , @ aboutrenergy , @ climatething , & @ recycle2print . work for a # green energy future . # semst",FAVOR,Positive,climate change is a real concern
"# ff @ carbontaxcenter , @ protectheplanet , @ wcsmyanmar , @ climatewise2015 , & @ pragmactivist99 . work for a # green energy future . # semst",FAVOR,Positive,climate change is a real concern
`` this just in : republican primary debates are down to topic of `` '' who wore it better ? '' '' # lovewins # marriageequaility # obamacare # semst '',NONE,Negative,climate change is a real concern
# mission : # climate @ home > wrap your water heater in an insulation blanket # tip # actonclimate # semst,FAVOR,Positive,climate change is a real concern
@ cschultzwx there has been a ton of lightning up there every other day for the past week ! # lolz # semst,NONE,Positive,climate change is a real concern
@ droakley1689 @ phxapologetics maybe they just misused their resources and their societies collapsed # deforestation # semst,FAVOR,Negative,climate change is a real concern
@ logixliving my lawn is burnt two days after rain # yeg # semst,NONE,Other,climate change is a real concern
it 's hotter in oregon then it is in california right now . # semst,FAVOR,Other,climate change is a real concern
negative times a negative equals a positive ... wonder if that applies to emotions too ? ? ? # manthoughts # sustainablehumans # semst,NONE,Negative,climate change is a real concern
the # karachiheatwave death toll climbs to 1210 deaths in 5 days # carbonemissions # semst,FAVOR,Negative,climate change is a real concern
@ theresa_beh i 'm just happy he 's telling the @ gop to wise up re : # semst,NONE,Positive,climate change is a real concern
i 'm in hell . i feel the fiery tips of insidious flames swiftly sauntering into my room . or maybe i do n't have ac # semst,NONE,Negative,climate change is a real concern
why is there no # captainplanet movie ? ? ? rt if u want one . # environment # planet # earth # semst,NONE,Other,climate change is a real concern
@ billmoyershq congratulations to the dutch ! ! ! ! ! ! ! good work ! ! ! ! ! ! # change # semst,NONE,Positive,climate change is a real concern
sunny rainy bipolar weather . wow real quick ma nigga # semst,NONE,Negative,climate change is a real concern
". @ msimire says children , women , elderly people especially at risk to health impacts of # climatereporting2015 # semst",FAVOR,Negative,climate change is a real concern
@ notabarrister @ scrufflove pfft ... we 're getting that next week # standard # semst,NONE,Other,climate change is a real concern
observations on the atmosphere and oceans reflect the human influence in climate change via dr. dimitra founda # rengreece # semst,FAVOR,Other,climate change is a real concern
# mission : # climate @ home > opt for reusable bags instead of plastic bags ( by @ gaiam ) # tip # actonclimate # semst,FAVOR,Positive,climate change is a real concern
@ irish0831 good grief ! i can feel the desperation seeping off the page . good . we 've got 'em on the ropes . # semst,NONE,Positive,climate change is a real concern
rt @ zerofootprint : rt @ climatereality : # climatefact india may stand to lose 1.8 % of its annual gdp by 2050 due to # semst,FAVOR,Other,climate change is a real concern
v @ queennoor v @ guardian the biggest story in world podcast @ whitehouse @ algore @ thehill of @ gop stupidity and ignorance ! # semst,NONE,Negative,climate change is a real concern
the facts are in . it is clear as our numbered days . climate change is humanity 's fault . and we are facing extinction . # semst,FAVOR,Negative,climate change is a real concern
"@ aman_pasha higher sea levels & temperature , glacial retreat , warmer oceans , extreme weather events . plenty of evidence . # semst",FAVOR,Negative,climate change is a real concern
"if ozone science had been ignored by your dad , @ jebbush we would be in dire straits right now . could you thank him for us ? # semst",FAVOR,Negative,climate change is a real concern
working with artists & culture is key to weave through the efforts we 're doing # grassroots # semst,NONE,Positive,climate change is a real concern
@ brasfildtsb he hit the nail on the head . we 're ( hopefully ) on the edge of a paradigm shift on # semst,NONE,Positive,climate change is a real concern
ocean acidification is the most important scientific crisis that we face today donna roberts # cambioclimatico # semst,FAVOR,Negative,climate change is a real concern
"today is june 27th and it 's 66 degrees out , wtf . # takeme2thecarribean # anywhereneartheequator # semst",FAVOR,Negative,climate change is a real concern
the amount of hot takes coming from # lovewins is the single most significant cause of . # thanksobama # semst,NONE,Positive,climate change is a real concern
at 2c increase we 're expecting 20-30 % species at risk of # extinction rosina bierbaum # cambioclimtico # semst,FAVOR,Negative,climate change is a real concern
"@ mercianrockyrex i suspect that @ danhannanmep may well just prefer to stick to his , erm , principles on this one . # semst",NONE,Other,climate change is a real concern
"`` that # putin chap must be extremely # confused , it stuck between 2 old now # ideologies just between you & me ! `` `` regards d # peace # semst ''",NONE,Negative,climate change is a real concern
i like learning in depth about nutrition/health @ tedtalks @ netflixuk # disease # westerndiet # health # agriculture # semst,NONE,Positive,climate change is a real concern
oh my lord ! so hot and humid for few days now . can u stop cutting trees and cut down ur emissions world ? ? ? # savetheworld # semst,FAVOR,Negative,climate change is a real concern
did u know th # scotus is 2 decide if # coal plants can keep # emitting unlimited # mercury 2 r atmosphere ? # potus # gop # justices # semst,FAVOR,Other,climate change is a real concern
"hmmm , what 's next re my # bucketlist i wonder in # peace in a # democratic manner re # why i 'm here ? # peace # democracy # goal ? # semst",NONE,Positive,climate change is a real concern
is there a breeze i can catch lakefront or will i die of a heat stroke there as well ? # heatstroke # semst,FAVOR,Negative,climate change is a real concern
fossil fuel divestment wo n't necessarily stop climate change but it is a step in the right direction . # keepitintheground # semst,FAVOR,Positive,climate change is a real concern
government trusts you to listen to the narrative but never enough to let you see the proof ... # semst,NONE,Negative,climate change is a real concern
@ speakerboehner @ jebbush @ tedcruz denial is n't just a river in egypt . it 's # gop strategy . # racism # semst,NONE,Negative,climate change is a real concern
"thx @ susanbowenphoto @ omaniblog had fun in my home county , will be back later this summer with @ castellscarmen-catching up 4 # semst",NONE,Positive,climate change is a real concern
loud ass thunder and three seconds of rain here # thanksobama # semst,FAVOR,Negative,climate change is a real concern
when your wearing sweaters in the summer # semst,FAVOR,Negative,climate change is a real concern
`` for me watching the # ideology of # capitalism at work is like watching a `` '' train wreck '' '' in # progress ! # democracy # goal ? # future # semst '',NONE,Negative,climate change is a real concern
# technology is a sign of how far we have come ! the # ideology of # capitalism is a sign of how far we have to go ! # methodology # semst,NONE,Positive,climate change is a real concern
"`` the + 1 is a # democratic dip in `` '' deeper waters '' '' & no more re # why i 'm here , regards dion # peace # democracy ! # goal ? # future ? ? ? # semst ''",NONE,Negative,climate change is a real concern
"after the millennials come the apocalypticals . thanks , breeders . # overpopulation # semst",NONE,Negative,climate change is a real concern
a changing planet : 4 places where climate change is taking its toll # semst,FAVOR,Negative,climate change is a real concern
"thank you to all our 300 followers , helping us to raise awareness of # humanrights # soseurope # prisonersofconscience # torture # semst",NONE,Positive,climate change is a real concern
"i 'm blowing ac with the top off , in the middle of the night , in oregon .. # semst",FAVOR,Other,climate change is a real concern
there 's a great challenge 4 # leadershhip in # globslopportunity 2search synergetic efforts w/ their fellows to get engaged in # semst,NONE,Positive,climate change is a real concern
# seattle 72 degrees . trying to sleep with industrial fan -- sounds like choppers are circling the house . # heatwave # semst,FAVOR,Negative,climate change is a real concern
"`` @ un - yet another i # pray in my `` '' own '' '' way day re # why i 'm online , that # important this i know ! `` `` regards '' '' dion # peace # future # semst ''",NONE,Positive,climate change is a real concern
"first listen , then conviction , next action - dali lama on # glasto2015 # semst",NONE,Positive,climate change is a real concern
brilliant talk from @ georgemonbiot # dali lama @ guardian # divestment is the key action for all on # glasto2015 # semst,NONE,Positive,climate change is a real concern
i 'm burnin up baby where u at ? # hangin # hanginpls # semst,NONE,Negative,climate change is a real concern
rt varunkr842 : # please_save_trees for our own # survival to fight # saveourplanet # semst,FAVOR,Positive,climate change is a real concern
"this pope . i swear , he is about to tempt my wayward ass back to the church . # love # justice # semst",NONE,Positive,climate change is a real concern
# mission : # climate on the road > give your car a break ( by @ epa ) # tip # semst,FAVOR,Other,climate change is a real concern
"raining again then im sure , it wi suddenly get warm again right after . # semst",FAVOR,Negative,climate change is a real concern
`` as they say touch-wood say tomorrow then i will # democratically be back this way ! ? ! ! re 's d # peace `` '' really '' '' gone # democracy # semst '',NONE,Negative,climate change is a real concern
wearing a sweater at the end of june ! # itfeelslikespring # semst,FAVOR,Other,climate change is a real concern
. @ blisstabitha i 'm sure this eco-friendly pope will remember to turn-off-the-lights on his way out # lastpope # popeforplanet # semst,FAVOR,Positive,climate change is a real concern
# spacex is looking like major litterbug ! do they clean up the debris . it 's $ 1500 if i litter hi-way . space x # semst,NONE,Negative,climate change is a real concern
@ realdonaldtrump - you are not very smart donald # semst,NONE,Negative,climate change is a real concern
# mission : # climate @ home > move your thermostat down 2c in winter and up 2c in summer # tip # doyourpart # semst,FAVOR,Positive,climate change is a real concern
@ rileyroder and yet james inhofe tells us that global warming is n't real . # semst,FAVOR,Negative,climate change is a real concern
. @ quinn43 thanks for the follow . check out ccl for solutions . # solutions # citizensclimatelobby2015 # semst,FAVOR,Positive,climate change is a real concern
# republican party will go down in history books as party that stood in the way of # gayrights and initiative to reverse # semst,NONE,Negative,climate change is a real concern
bought media = advertising . earned media = # socialmedia . real causes do not have # botfollowers # environment # crueltyfree # semst,FAVOR,Negative,climate change is a real concern
@ carol_holman @ heifer109 i always said that democrats would tax the weather if they could # semst,NONE,Negative,climate change is a real concern
@ chelseamagop he 's not perfect . who among us is ? ; - ) # encyclical # semst,NONE,Negative,climate change is a real concern
5-6 inches of rain in a day & from next day there is no rain at all . temperature reaches 39 c in # ahmedabad . # environment # semst,FAVOR,Other,climate change is a real concern
ga : aiw support strong compass . global climate agreement : passed # uuaga # semst,FAVOR,Other,climate change is a real concern
the last thing # australia or the world needs are 2 more vast earth destroying # coal mines ! let 's get real and fight # auspol # semst,FAVOR,Negative,climate change is a real concern
"barack obama meets david attenborough , i 'm so ready for this and i can not wait ! 89 year 's old and always on form # legend # semst",NONE,Positive,climate change is a real concern
enjoying watching sir david attenborough and obama talk about climate change mitigation # lovenature # semst,FAVOR,Positive,climate change is a real concern
"attenborough : 'the real problem is global ' i.e . not just me , or you , but us # semst",FAVOR,Negative,climate change is a real concern
"''this is the planet on which we live , it 's the only one we 've got and we 've got to protect it . '' # obama # attenborough # semst",FAVOR,Positive,climate change is a real concern
"the natural world is part of our inheritance , we have to protect it @ sir_attenboroug with @ potus on # bbc # earth # semst",FAVOR,Positive,climate change is a real concern
amazing interview with @ potus and david attenborough # semst,NONE,Positive,climate change is a real concern
# vatican will be destroyed the most vile creatures ever the creators of # islam # sodomising # children # fakestine and # semst,NONE,Negative,climate change is a real concern
@ thewest_com_au @ pammieoz we 're way behind everybody on just about everything # gaymarriage # asylumseekers # semst,NONE,Negative,climate change is a real concern
regards dion # peace to you & all # including into the # future on a clearly # known to be # finiteinnatureplanet outta here gone # semst,FAVOR,Positive,climate change is a real concern
"oh : watching the # news re # greece currently , it 's ( [ all ] ) # relative re # why i 'm here ! re 's d # peace # gms # democracy # goal ? ? ? # semst",NONE,Other,climate change is a real concern
"`` . @ tonyabbottmhr still boasting on international stage of removing price on carbon , which he refers to as `` '' toxic tax '' '' # auspol # semst ''",NONE,Negative,climate change is a real concern
we support australia 's climate roundtable which is providing a framework for sensible debate ahead of paris @ cop21 # semst,FAVOR,Positive,climate change is a real concern
"if you say climate change is a myth , you may want to become a fantasy author since you already live in an alternate reality . # semst",FAVOR,Negative,climate change is a real concern
rt @ abhinav_khanal : 700 people dead in pakistan due to heatwave . # semst,FAVOR,Negative,climate change is a real concern
glad for the millions of lives improved this week . now let 's set our sights on helping millions more . # immigrationaction # semst,NONE,Positive,climate change is a real concern
`` at what point do we rename summer `` '' the rainy season '' '' ? # cdnpoli # semst '',FAVOR,Other,climate change is a real concern
"can @ barackobama use $ 866,615 of jet fuel on his # earthday trip to florida ? yes he can ! ! ! -mao @ potus # fail # semst",NONE,Negative,climate change is a real concern
honestly i do n't understand why i like california so much . i 'm so bad in the heat . # semst,NONE,Other,climate change is a real concern
inland so cal has been hot and humid all day . this seems to be our summers - muggy . so strange . # semst,FAVOR,Negative,climate change is a real concern
building renovations . turn $ 10mm into $ 1mmm over time . # business # money # wallstreet # enterprise # entrepreneur # engineering # semst,NONE,Positive,climate change is a real concern
# mission : # climate @ home > purchase green power ( if available ) ( by @ epa ) # tip # semst,FAVOR,Other,climate change is a real concern
# annapurnavancheswaran says it took 2 years to cut through the # bureaucracy & speak to indian # government about # pivotal15 # semst,NONE,Positive,climate change is a real concern
a dutch court has ruled that the gov must cut emissions under human rights law ! interesting . # climatejustice2015 # semst,FAVOR,Positive,climate change is a real concern
good luck @ solarimpulse for # flight8 . you will do it @ andreborschberg ! # solar # solarimpulse # actonclimate # semst,FAVOR,Positive,climate change is a real concern
population growth is only a problem because humans treat the earth like shit . # govegan # environment # semst,FAVOR,Negative,climate change is a real concern
# kca # votejkt48id engiegroup : # engie 9 new # cop21 solutions and more here > # semst,NONE,Other,climate change is a real concern
there are no two sides to this discussion . -- @ stopmotionsolo # semst,NONE,Negative,climate change is a real concern
john watterson is attending ippc meeting to help shape the future of international greenhouse gas emission estimation methods # semst,FAVOR,Positive,climate change is a real concern
@ davidattenborough meets @ barackobama on # tvnzone interview on his life and the effects of # semst,NONE,Other,climate change is a real concern
@ abcnews afterwards can they call @ tonyabbottmhr and advise him he needs to act on # auspol # semst,NONE,Other,climate change is a real concern
@ popupincubator # innovation of super converter on fishing boat w/ no more use of fossil fuel is looking for funding scheme in # semst,FAVOR,Positive,climate change is a real concern
`` qt @ barackobama `` '' i do n't have much patience for anyone who denies that this challenge is real . '' '' 1/2 # semst '',NONE,Negative,climate change is a real concern
sa has played an instrumental role in rallying other basic countries to strengthen south-south cooperation on matters around # semst,NONE,Positive,climate change is a real concern
do # catholics follow # god 's word or this # pope 's ramblings ? # semst,NONE,Negative,climate change is a real concern
dallas still has n't hit 100 this year . # semst,NONE,Other,climate change is a real concern
`` the same ppl who think paul spoke `` '' for god '' '' when denouncing gays also think the current pope does not speak for god . # semst '',NONE,Negative,climate change is a real concern
anyone else agree we should switch to concrete ? + them new snazzy self-lit roads in netherlands ! # electricitysaving # autobahn # semst,FAVOR,Positive,climate change is a real concern
"all eyes on china , reports @ climatenexus - plan building on agreement with us re : # emissions expected soon # cop21 # ghg # semst",FAVOR,Other,climate change is a real concern
`` reading : `` '' the whale and the supercomputer . on the northern front of climate change '' '' by charles wohlforth # arctic # semst '',FAVOR,Positive,climate change is a real concern
# mission : # climate @ home > wash laundry in cold water ( by @ etpowerlines ) # tip # doyourpart # semst,FAVOR,Positive,climate change is a real concern
today the kingdom of bahrain participates in the high-level event on climate change at the @ un # un70 # semst,FAVOR,Other,climate change is a real concern
"president tong tells story of vulnerability & resilience of # kiribati , # maldives & other low-lying states & sids # action2015 # semst",NONE,Positive,climate change is a real concern
`` monsignor sanchez sorondo : `` '' earth is sick . we need to heal it . # semst '',FAVOR,Negative,climate change is a real concern
"we need to work with confidence , transparence and guided by consensus @ manupulgarvidal at @ un_pga event on # action2015 # semst",NONE,Positive,climate change is a real concern
`` road to # paris2015 `` '' # adp2015 co-chairs ' new tool will be presented on july 24th '' '' @ manupulgarvidal at @ un_pga event on # semst '',NONE,Positive,climate change is a real concern
# equity # financial # solidarity and # transparency is what # 2015text needs says # fabius at # un # ga # semst,NONE,Negative,climate change is a real concern
can we build # thorium # lftr now . before its 200 degrees during summer . # myacsucks # semst,FAVOR,Negative,climate change is a real concern
what is at stake is the survival of our and next generation - indigenous people youth # unga # action2015 # cop21 # semst,FAVOR,Negative,climate change is a real concern
stress on # water resources threatens lives and livelihoods # anthropoceneage # sustainability # semst,FAVOR,Negative,climate change is a real concern
minister @ manupulgarvidal about the importance of # indcs to build momentum to # paris2015 at press conference at # un # semst,NONE,Other,climate change is a real concern
why is the pope upset ? via @ huffpostcomedy # unzippedtruth # popefrancis # semst,NONE,Other,climate change is a real concern
. @ janezpotocnik22 : the eu is spending the 300 billion collected through environmental tax on fossil fuel subsidies # almedalen # semst,FAVOR,Other,climate change is a real concern
"these days this i # know ! i # implemented it years ago & simply walked away but i know , regards dion # peace # democracy ! # goal ? ? # semst",NONE,Other,climate change is a real concern
"# scotus , we need to force # power # plants to cut # emissions of # mercury and other # air pollutants asap ! # potus # epa # justices # semst",FAVOR,Negative,climate change is a real concern
the ruling by @ scotus is a major setback for @ epa & the environment . # dirtycoal # semst,FAVOR,Negative,climate change is a real concern
@ nzstuffbusiness time to change the government ! # fracking # c02 # methane # pollution # cancer # health # earthquake # water # leaks # semst,FAVOR,Negative,climate change is a real concern
# sebamm # seb2015 : prtner explains the work of the # ipcc # semst,NONE,Other,climate change is a real concern
@ suzyji @ climatedepot great news to arrest a regulatory agency 's flagrant over reach . pathetic how little # epa knows of # semst,FAVOR,Negative,climate change is a real concern
i can literally sense the global warming now . # semst,FAVOR,Negative,climate change is a real concern
@ stingo100 weather patterns evolving very differently over the last few years .. # semst,FAVOR,Other,climate change is a real concern
coldest and wettest summer in memory . # mosquitoes # mowtwiceaweek # brrrr # semst,FAVOR,Negative,climate change is a real concern
pope francis really makin the rounds # popefrancis # semst,NONE,Positive,climate change is a real concern
@ bendicoot shit . who set the supreme court to evil again ? # semst,NONE,Negative,climate change is a real concern
ballot paper posted @ timfarron has my vote for leader . our liberal voice will be heard # humanrightsact # affordablehousing # semst,NONE,Positive,climate change is a real concern
i am thinking of turning the central heating off . : ) # semst,NONE,Other,climate change is a real concern
if like me you felt voiceless then listen to @ timfarron # libdemfightback fighting for the # humanrightsact # affordablehousing # semst,NONE,Positive,climate change is a real concern
"being an engaged mom , means voting 4 the climate 2 . supporting only candidates who have a plan 2 act on # playin4climate # semst",FAVOR,Positive,climate change is a real concern
we could do something ... the question is will we says @ paulrehrlich # sustainability # semst,FAVOR,Other,climate change is a real concern
"so , its 20 degrees celcius in mendoza argentina beginning of winter # mendoza # semst",FAVOR,Other,climate change is a real concern
"it does n't simply rain in houston anymore , it storms . # semst",FAVOR,Negative,climate change is a real concern
i do n't care why the globe is warming . i just want to stop it before there is irreparable harm # fuckpolitics # sciencerules # semst,FAVOR,Negative,climate change is a real concern
world futures council man at # fsds15 points out absurdity of cost benefit analysis discounting future lives # sustainability # semst,FAVOR,Negative,climate change is a real concern
last thursday lake mead ( the largest u.s. reservoir ) had the lowest water level reported since 1937 # historyinthemaking # semst,FAVOR,Negative,climate change is a real concern
56 . here we see how environmental deterioration and human & ethical degradation are closely linked . # laudatosi # environment # semst,FAVOR,Negative,climate change is a real concern
# mission : # climate @ home > defrost old fridges and freezers regularly # tip # loveourplanet # semst,FAVOR,Positive,climate change is a real concern
`` obamacare `` '' doctors should warn global warmin cud make patients ' health worse '' '' # obama # presidentobama # whitehouse # semst '',FAVOR,Negative,climate change is a real concern
"china , i had plans to work on other things today . rude . # euchina # semst",NONE,Negative,climate change is a real concern
"went for a run , now i ca n't feel my legs and my brain feels like it 's boiling . # semst",NONE,Negative,climate change is a real concern
disappointed that we are basing decisions about our very real planet on a man made currency system . # scotus # epa # semst,FAVOR,Negative,climate change is a real concern
"# askrobertredford beyond the national level , what can be done on the individual level to mitigate the effects of # semst",FAVOR,Other,climate change is a real concern
"@ dalydegagne @ 2010redmittens canada alone needs 2 invest $ 60 billion a year , paid for by efficiency # cdnpoli # environment # semst",FAVOR,Other,climate change is a real concern
# cop21 can succeed or fail . if humankind wants to survive something must be done not for nature but for humans . simple . # semst,FAVOR,Positive,climate change is a real concern
@ ecowatch robertredford + pope say time is now . greennh3 is ready to roll . we all want machines . what is holdup ? # pollution # semst,FAVOR,Negative,climate change is a real concern
sir david attenborough and @ barackobama dissgussing the planet future . the room does n't get any better than this . # semst,FAVOR,Positive,climate change is a real concern
@ rbjron @ fedupofpollys @ jolly57la we should worry about the state he 's going to leave # australia in . # nbn fraudband # refugees # semst,NONE,Negative,climate change is a real concern
"need to separate natural disasters from man made disasters , emphasise polluter pays , and need for loss and damage . # tuvalupm # semst",FAVOR,Negative,climate change is a real concern
at the un with crew now : ) @ trashis4tossers # semst,NONE,Positive,climate change is a real concern
@ eilonwya10 those items need to come back . # semst,NONE,Other,climate change is a real concern
rosalind peterson addressing un on how aerosol spraying ( chemtrails ) is affecting agriculture . # notadebate # geoengineering # semst,FAVOR,Other,climate change is a real concern
@ icicle167 ok yeah that 's bad ... but vancouver literally never used to get this hot # laudatosi ' # semst,FAVOR,Negative,climate change is a real concern
"feeling like # scotus got it right , right , right ... then very wrong . sigh . # climatedenial # semst",FAVOR,Negative,climate change is a real concern
# northwest # heatwave continues . first time . ever . my tomato plants have fruit . in june ! # oregon # organic # semst,FAVOR,Positive,climate change is a real concern
good news # scotus confirmed the # un has zero authority of u.s. property or enforcement . who cares what the elites say ! # cop21 # semst,NONE,Positive,climate change is a real concern
". @ robsilver what are the chances , @ irbrodie ? # kyoto # cpc ? # cdnpoli # semst",NONE,Other,climate change is a real concern
@ heidtjj @ djrmewzique @ mikeh_6 @ marklindesr @ fatherjonathan i think we found something more dangerous to america than # semst,NONE,Negative,climate change is a real concern
every human commits original sin with it 's first outbreath of co2 . mankind is fallen . # bible # semst,FAVOR,Negative,climate change is a real concern
if you do not repent your emission of co2 you will end up in hell # bible # semst,FAVOR,Negative,climate change is a real concern
and onan cast his co2 into the atmosphere and committed the sin of emission # bible # semst,FAVOR,Negative,climate change is a real concern
as the world emitted co2 water vapour built up in the atmosphere and caused the lord to send the flood in retribution # bible # semst,FAVOR,Negative,climate change is a real concern
"# mission : # climate @ home > pass your magazines on to a friend , hospital , library , or nursing home . ( by @ gaiam ) # tip # semst",FAVOR,Positive,climate change is a real concern
@ lancet # climatehealth report says we need ambitious programme like marshall plan or apollo mission to tackle climate change # semst,FAVOR,Other,climate change is a real concern
@ naughtybeyotch he is psychic 2 huh # semst,NONE,Negative,climate change is a real concern
it 's nights like this when i 'm not so fond of my long hair . i just wan na chop it all off ! # heatwave # pnwgirl # semst,NONE,Negative,climate change is a real concern
"we are n't the dinosaurs , we 're the asteroid . # earth # extinction # semst",FAVOR,Negative,climate change is a real concern
# mission : # climate on the road > drive less ( by @ greengoddess892 ) # tip # impactisreal # semst,FAVOR,Positive,climate change is a real concern
look out for the hashtag # ukclimate2015 for news today on how the uk is doing in both reducing emissions and adapting to # semst,FAVOR,Positive,climate change is a real concern
pupils in p5-7 from lincluden primary are participating in carbon busters project 2015-2016 ! # learningforsustainability # semst,FAVOR,Positive,climate change is a real concern
"around 1500 new homes being built every year in england in areas at high risk of # floods , adding to risk from # ukclimate2015 # semst",FAVOR,Negative,climate change is a real concern
"top-down approach is not only the solution , global governments must act together with global community against # semst",FAVOR,Negative,climate change is a real concern
australia ... your turn to watch obama & attenborough @ abcenvironment # semst,NONE,Other,climate change is a real concern
# tonyabbott hope you 're watching president obama talking about # semst,NONE,Positive,climate change is a real concern
how did the # greatbarrierreef look to you compared to when you dived it 60 years ago ? @ potus # attenborough @ foreignofficial # semst,FAVOR,Other,climate change is a real concern
"`` it 's `` '' mindblowing '' '' to me to watch this , # sirdavidattenborough . # semst ''",NONE,Positive,climate change is a real concern
david attenborough being interviewed by president obama is brilliant & fascinating viewing # foreigncorrespondent # abc # tunein # semst,NONE,Positive,climate change is a real concern
# mission : # climate @ home > simplify ( by @ bezerowaste ) # tip # doyourpart # semst,FAVOR,Positive,climate change is a real concern
"clean technology , this is your moment # innovation # technology # davidattenboroughismyhero # semst",FAVOR,Positive,climate change is a real concern
@ attenborough_d states the media needs to promote the damage of climate change . how bout you # bolt ? # foreigncorrespondent # semst,FAVOR,Negative,climate change is a real concern
water temperature off the atlantic coast is in the 80s in june . we are like proverbial frogs in boiling water # climate # semst,FAVOR,Negative,climate change is a real concern
"the # greatman @ barackobama met # greatman david attenborough & change seems possible , attainable . listen up ! # attenborobama # semst",FAVOR,Positive,climate change is a real concern
"obama & attenborough brilliant , heart felt & honest why ca n't we have such a discussion here in oz # renewables # abc # auspol # semst",FAVOR,Positive,climate change is a real concern
scary stat of the day : 7 % of the area of urban greenspace in england has been lost since 2001 @ thecccuk # semst,FAVOR,Negative,climate change is a real concern
what can young people do about climate change ? @ changeagentsa @ gen_earth @ ellabellac @ missearth_sa # youth # semst,FAVOR,Other,climate change is a real concern
@ metaceptive @ jmgamerorus gutted i 've missed this would have loved to hear this talk . africa represented # semst,NONE,Positive,climate change is a real concern
"everywhere we look , moderate weather seems to be going extinct . # robertredford # un # semst",FAVOR,Negative,climate change is a real concern
"@ rupertmurdoch - feel ! i 'll bin this one & upload a newer mix in a few days see which version you like better , re 's d # peace # semst",NONE,Positive,climate change is a real concern
@ ginaepa yes but silica dust emissions are up and little is done about it at the state level and it effects # semst,FAVOR,Negative,climate change is a real concern
# tolerance ... i wonder how much more # mother # earth has at # methodology levels re our # capitalistic # ideologies ? # semst,FAVOR,Negative,climate change is a real concern
. @ mexonu : # greenclimatefund projects must be long-lasting & lay the groundwork for low-carbon development economic models # semst,FAVOR,Positive,climate change is a real concern
@ justintrudeau @ rethinkfusion @ terrybeech @ adamjpankratz @ jonathanwnv # engineeringinnovation . future green tech to deal with # semst,FAVOR,Positive,climate change is a real concern
i 'm sick of celebrities who think being a well known actor makes them an authority on anything else . # robertredford # un # semst,AGAINST,Negative,climate change is a real concern
[ man ] can not change the climate of any country ; he adds no new element to the soil ~ charles darwin # anthropocene # semst,AGAINST,Negative,climate change is a real concern
redscarebot : simple malarkey rt gingerdr global warming/climate change all a hoax . communist agenda for control # sustainabil ... # semst,AGAINST,Negative,climate change is a real concern
artic ice highest in 10 years for the month of june .. yet no headlines .. # scam # semst,AGAINST,Negative,climate change is a real concern
there has never been a better time to get the heck out of california . # vaccines # science # gmo # bees # autism # gmo # sb277 # semst,NONE,Negative,climate change is a real concern
"noted climatologist , marine biologist , & oceanographer ted danson told us 27 yrs ago that the oceans would be dead in 10 yrs . # semst",AGAINST,Negative,climate change is a real concern
"i bet as a species , man farts more today due to : soda , carbonated beverages & fast food than any other recorded era before . # semst",NONE,Negative,climate change is a real concern
"as a general rule , mandatory things of all kinds should be refused . # vaccines # gmo # science # bees # fitness # sb277 # nutrition # semst",NONE,Negative,climate change is a real concern
"@ deanleh @ earthguardianz excellent speech ! well done . showed ur video to birdie , she is ready to be part of the change . # rise # semst",NONE,Positive,climate change is a real concern
@ jodybland the real question is do you feel safe driving a prius through harrison ? # semst,NONE,Other,climate change is a real concern
# transpregnancy # transgender is a major reason why scientists ca n't find a cure to # cancer # aids # semst,NONE,Negative,climate change is a real concern
if this heat is killing me i do n't wan na know what the poor polar bears are going through right now # semst,FAVOR,Negative,climate change is a real concern
when the well is dry we know the value of # water : ben franklin # actonclimate # epa # semst,FAVOR,Other,climate change is a real concern
"yo if you live in the united states right now , and do not believe in global climate change , you 're a fucking idiot . # fact # semst",FAVOR,Negative,climate change is a real concern
thanks # marclevine & # ilike_mike for supporting legislation on # semst,NONE,Positive,climate change is a real concern
# heatstroke in sind & rajasthan temperature incresng in frozen areas # earthquake rain shower reduced a massive climate change # semst,FAVOR,Other,climate change is a real concern
it 's so unfortunate that the systematic destruction of our planet is merely seen to some as a political issue . # semst,FAVOR,Negative,climate change is a real concern
people at the bar bitching about the heat and drought . no one utters the words # fossilfuel caused # elephantintheroom # denial # semst,FAVOR,Negative,climate change is a real concern
"@ fireuntildawn @ chriskkenny let me guess . you 're a lying , rabid leftist/warmist used to twisting facts to further your agenda # semst",NONE,Negative,climate change is a real concern
@ heartlandinst the french ? you mean the nation that builds tanks with a rear view mirror and six gears in reverse . # semst,NONE,Negative,climate change is a real concern
my dogs are # panting to the beat of my music ! # semst,NONE,Positive,climate change is a real concern
"a high emissions scenario would be a disaster for marine life , as well as for ourselves - dr williamson # semst",FAVOR,Negative,climate change is a real concern
there are a lot of things that need to be done . but first should be changing our mindset . # watermanagement # semst,FAVOR,Negative,climate change is a real concern
it 's hot af in # seattle . this is not normal ! # hotaf # semst,FAVOR,Negative,climate change is a real concern
@ osteomath @ capitalweather funny how you all of a sudden refer to him as a weatherman now # climatechange ... weather . # semst,FAVOR,Negative,climate change is a real concern
"not to worry , sediment cores prove shellfish & coral will recover in just 160,000 years . # oilandgas # rbe # tvp # semst",FAVOR,Other,climate change is a real concern
have never been so outrageously grateful for a slight cool breeze drifting over my body . is this the future ? # nakedtimes # semst,FAVOR,Positive,climate change is a real concern
"hey @ dranthonylynham , please reject the adani carmichael # coal mine and abbot point . our reef and climate are at risk ! # gbr # semst",FAVOR,Negative,climate change is a real concern
tornado warnings for the uk this weekend . and the government still chooses to ignore global warming # ukweather # semst,FAVOR,Negative,climate change is a real concern
# mainaudeclaration2015 watch out guys .. this is huge ! ! # lindaunobel # semst,NONE,Positive,climate change is a real concern
# mainaudeclaration2015 ..... lets push the agenga worldwide without any fear # climatejustice2015 # semst,FAVOR,Positive,climate change is a real concern
# mainaudeclaration2015 60 years later .. # lino15 laureates and young scientists say it is time to act # semst,FAVOR,Other,climate change is a real concern
. @ psaintamans well-designed tax policies can help fix a number of environmental issues # itdconf # cop21 # semst,FAVOR,Positive,climate change is a real concern
just read scalia 's idiotic opinion overturning the epa 's carbon emissions limits . planning to spend day in a seething rage . # semst,FAVOR,Negative,climate change is a real concern
do n't act as if we have another planet to live in # cop21 # semst,FAVOR,Negative,climate change is a real concern
`` @ reince # gopclowncar a shame # gop considers `` '' hrc emails '' '' more disconcerting than # jobs # infrastructure # education # semst '',NONE,Negative,climate change is a real concern
( 1/2 ) poisoning of the # biosphere can not be dealt with by free market economics ; # taxwallstreet # environment # gmo # semst,FAVOR,Negative,climate change is a real concern
`` . @ solarimpulse i see this pick up on the rwy with the `` '' follow me andr '' '' sign ... it should be the other way round ! # semst '',NONE,Negative,climate change is a real concern
everyone is busy building their bank accounts but one day that paper wo n't help you during massive natural calamities . # semst,FAVOR,Negative,climate change is a real concern
u.s. should hold referendum prior to paris talks to gauge american support for dealing ( hopefully leading ) on # semst,NONE,Other,climate change is a real concern
"audio world , look out ! there 's a new sheriff in town # audio # music # world # entrepreneur # love # life # semst",NONE,Positive,climate change is a real concern
"second heatwave hits na nw popping up everywhere , and floods too , record wildfires in canada , what a mess , time up ! # semst",FAVOR,Negative,climate change is a real concern
"global warming ! global warming ! global warming ! oh wait , it 's summer . # semst",AGAINST,Negative,climate change is a real concern
glblwarmingnews and the tooth fairy might be causing kids to lose teeth ! # carbontaxscam # chemtrails # semst,AGAINST,Negative,climate change is a real concern
tsgtalexander : glblwarmingnews and the tooth fairy might be causing kids to lose teeth ! # carbontaxscam # chemtrails # semst,AGAINST,Negative,climate change is a real concern
brettgarrot : brettgarrot : glblwarmingnews and the tooth fairy might be causing kids to lose teeth ! # carbontaxscam # chemtrails # semst,AGAINST,Negative,climate change is a real concern
when did co2 become a dangerous pollutant that must be curtailed ? what do you exhale again ? # iwantanswers # semst,AGAINST,Negative,climate change is a real concern
we 're growing vegetables at home . tell your friends and followers what you 're doing for climate ! # mychangeforclimate # semst,FAVOR,Positive,climate change is a real concern
"led lights , water saving toilets , showerheads , appliances etc . when we renovate , we choose efficient . # mychangeforclimate # semst",FAVOR,Positive,climate change is a real concern
"evening @ algore , any # democratic thoughts as yet ? i get # bored easy re the # politics of it all hop hop , regards d # peace # gms # semst",NONE,Negative,climate change is a real concern
if ther clmate change alarmists come out in sept this year and tell me this was the hottest winter on record ill go postal # semst,AGAINST,Negative,climate change is a real concern
. @ creeclayton wonderful to find you on twitter . meet @ masroora a canadian working in # semst,NONE,Positive,climate change is a real concern
"@ potus , before we can defeat isis we first must defeat # semst",NONE,Other,climate change is a real concern
# mission : # climate @ home > reduce . reuse . recycle . replenish . restore ( by @ scrapcatalytics ) # tip # earthrightnow # semst,FAVOR,Positive,climate change is a real concern
"without a place for feeding , mating and giving birth , there is no future for polar bears : ( # semst",FAVOR,Negative,climate change is a real concern
bc continues to burn . if this ai n't a wake up call to everyone then nothing will be # vancouver # bcwildfires # semst,FAVOR,Negative,climate change is a real concern
pittsburgh had a regatta without boats . river full of debris and swift currents . too dangerous # semst,NONE,Negative,climate change is a real concern
"un , decline of 50 % in crop yields in developing countries ( rice , wheat , corn ) over the next 35 years , especially in the tropics # semst",FAVOR,Negative,climate change is a real concern
great meeting @ balboalice and @ ctwigg1 today to discuss future cities and how uk expertise can be shared & applied in # china # semst,NONE,Positive,climate change is a real concern
@ reptommarino my priority is to address # semst,NONE,Other,climate change is a real concern
rt @ mediarage : one of the most brilliant bs stories created by man to subjugate others : # leftistliesisbs # semst,NONE,Negative,climate change is a real concern
there is need for world economic powers to be true about climate change funding . the world needs action not empty rhetorics # semst,FAVOR,Negative,climate change is a real concern
"cops , un conferences , board room meetings till when shall this continue when innocent lives and livelihoods are lost . # semst",NONE,Negative,climate change is a real concern
scorching summers for uk by end of the century ! thank rocks i wo n't be here to suffer them ! : - ) # semst,FAVOR,Positive,climate change is a real concern
try to create the world you want to live in . @ dalailama # withcompassion # semst,NONE,Positive,climate change is a real concern
sea level rise by the end of the century ( 1-2 meters ) will drown sf airport and la port . @ ivelicogna # withcompassion # semst,FAVOR,Negative,climate change is a real concern
climate change is an emergency . stop denial and start taking steps . # climatehealth # semst,FAVOR,Negative,climate change is a real concern
rt @ fadoben60 : when the rate of # utilisation exceeds the rate of # regeneration then it calls for # degradation . # michachallen ... # semst,NONE,Negative,climate change is a real concern
climate change is a solvable problem but we need to start today . # hhdl80 # semst,FAVOR,Positive,climate change is a real concern
@ dalailama suggests we should have schools for politicians to educate them on critical issues # withcompassion # hhdl80 # semst,NONE,Positive,climate change is a real concern
@ shalomshuli i 'm guessing there was a lot less humidity back in the time of moses . # semst,FAVOR,Negative,climate change is a real concern
are these ominous yellow # vancouver skies making anyone else dread our climate future ? # wildfires # semst,FAVOR,Negative,climate change is a real concern
"cause and effect - dry conditions , wildfires . # preventable # humancaused # semst",FAVOR,Negative,climate change is a real concern
# savingmytomorrow @ hbo why are you guys not promoting this like crazy ? ? ? ? # hbo # semst,NONE,Negative,climate change is a real concern
greenland 's ice is melting faster this summer under a dome of high pressure # semst,FAVOR,Other,climate change is a real concern
@ davidakin @ lraitt installing new # forestfire navigation systems ? # nokindermorgan # notarsands # cdnpoli # semst,NONE,Other,climate change is a real concern
@ kyjl89 it 's crazy . oklahoma is bracing for more flooding rains ( 4th cycle this year ) & canada is burning . # semst,FAVOR,Negative,climate change is a real concern
that awkward moment when a pro-coal pr campaign has over 100k more followers than you do : @ advancedenergy # greenwashing # semst,FAVOR,Negative,climate change is a real concern
i 'm gon na side with the really smart and well educated folks on this one guys . # semst,NONE,Positive,climate change is a real concern
"climate change financing , cc adaptation , cc and resilience , the green economy.lots of semantics as communities waitforsolutions # semst",FAVOR,Other,climate change is a real concern
@ assaadrazzouk @ theearthnetwork @ wynnandreid usa is behind .... due to idiocy # semst,NONE,Negative,climate change is a real concern
tonight - academy of science talk tech solutions for climate change with prof. barry brook # cantorandballtowers # canberra # semst,FAVOR,Other,climate change is a real concern
@ revelation1217 @ erotao the snow is melting ? # tcot # semst,NONE,Other,climate change is a real concern
@ wsj images like this make me fearful that the next epidemic must be coming soon . # overpopulation # semst,NONE,Negative,climate change is a real concern
@ muskoka247 @ muskoka411 you 're proud of that ? # shoallake # boilwater # fortchip # cancer # vanuatu # balafalls # landscapingissues # semst,NONE,Negative,climate change is a real concern
the # mntwins game is going really fast tonight . more proof of # semst,NONE,Positive,climate change is a real concern
@ noel_kck @ tomsteyer @ billnye @ potus further proof of # semst,NONE,Other,climate change is a real concern
@ porterthereport please do n't let him win this . your loyal readers support you . # semst,NONE,Positive,climate change is a real concern
wish everyone was n't so pale this season # suntan # babyoil # thebachelorette # semst,NONE,Negative,climate change is a real concern
"national announces plan to put out fire in pantry . rest of the house can burn baby , burn . # sameoldshit # semst",NONE,Negative,climate change is a real concern
rent a theatre and show the movie # chasingice to my friends and family to spread the message of global warming . # my1500 # semst,FAVOR,Other,climate change is a real concern
rt easyprintitja : rt firstkingtre : freak # rain in kingston # jamaica .. sudden # skuii876 # semst,NONE,Other,climate change is a real concern
stormiest 2014-2014 in ireland and uk in 143 years . that saying something @ newsclimate @ wattsupwiththat # semst,FAVOR,Other,climate change is a real concern
"`` @ liberalaus - # wrong # century re the # ipccreport & the involved # methodology i do have to say , `` '' regards dion # peace # ideology # semst ''",NONE,Other,climate change is a real concern
"# takedowntheflag & # lovewins represent tectonic cultural shifts , thanks in no small part 2 twitter & facebook . imagine same 4 # semst",NONE,Negative,climate change is a real concern
i expected new zealand 's so-called leaders to show leadership . instead they show weak-minded ignorance . laggardship . # semst,NONE,Negative,climate change is a real concern
11 % reduction is this a joke ? our govt seems to be more concerned about flag change than # semst,NONE,Negative,climate change is a real concern
until newyork london frankfurt knee deep in sea # water nothing will happen @ unfccc # cop21 # co95=free parties @ annaborgeryd # semst,FAVOR,Negative,climate change is a real concern
". @ climatparis2015 , the climate science forum begins today . follow its progress on # cfcc15 # sustainabledevelopment # semst",FAVOR,Positive,climate change is a real concern
we need integrated # science with # indigenous knowledge to understand & adapt to # cfcc15 # semst,FAVOR,Positive,climate change is a real concern
"`` . @ whelan60 `` '' while this debate goes on , yet more time is wasted . '' '' # thedrum # semst ''",NONE,Negative,climate change is a real concern
if sea levels get any higher flooding in lowlands could become dire . # semst,FAVOR,Negative,climate change is a real concern
if we do n't do anything we will be the sad generation that had the opportunity to act and did n't # cfcc15 # journey2015 # semst,FAVOR,Negative,climate change is a real concern
vallaud-belkacem : are we the generation who knew what would happen but who did nothing ? say no ! # wakeup # cfcc15 # semst,FAVOR,Negative,climate change is a real concern
"if we do not act , we will be the generation who knew , but did not move . - @ najatvb # cfcc15 # semst",FAVOR,Positive,climate change is a real concern
the carbon clock is ticking @ carbonbubble # surplusgas # carbon # gas # semst,FAVOR,Negative,climate change is a real concern
